{
    "openapi": "3.0.1",
    "info": {
        "title": "GameTime API Documentation",
        "version": "v1"
    },
    "servers": [
        {
            "url": "http://localhost/api/v1",
            "description": "NGINX GameTime Server"
        }
    ],
    "paths": {
        "/games": {
            "get": {
                "tags": [
                    "games"
                ],
                "summary": "Получить список игр",
                "parameters": [
                    {
                        "name": "limit",
                        "in": "query",
                        "description": "Число игр, которое нужно вернуть",
                        "schema": {
                            "type": "integer",
                            "format": "int32"
                        }
                    },
                    {
                        "name": "skip",
                        "in": "query",
                        "description": "Кол-во игр которое нужно пропустить перед чтением",
                        "schema": {
                            "type": "integer",
                            "format": "int32"
                        }
                    }
                ],
                "responses": {
                    "200": {
                        "description": "Информация об играх",
                        "content": {
                            "application/json": {
                                "schema": {
                                    "type": "array",
                                    "items": {
                                        "$ref": "#/components/schemas/Game"
                                    }
                                }
                            }
                        }
                    },
                    "500": {
                        "description": "Внутреняя ошибка сервера"
                    }
                }
            },
            "post": {
                "tags": [
                    "games"
                ],
                "summary": "Добавить игру",
                "requestBody": {
                    "description": "Добавляемая игра",
                    "content": {
                        "application/json": {
                            "schema": {
                                "$ref": "#/components/schemas/Game"
                            }
                        },
                        "text/json": {
                            "schema": {
                                "$ref": "#/components/schemas/Game"
                            }
                        },
                        "application/*+json": {
                            "schema": {
                                "$ref": "#/components/schemas/Game"
                            }
                        }
                    }
                },
                "responses": {
                    "201": {
                        "description": "Создание успешно"
                    },
                    "400": {
                        "description": "Невалидные данные",
                        "content": {
                            "application/json": {
                                "schema": {
                                    "$ref": "#/components/schemas/ProblemDetails"
                                }
                            }
                        }
                    },
                    "401": {
                        "description": "Пользователь неавторизован",
                        "content": {
                            "application/json": {
                                "schema": {
                                    "$ref": "#/components/schemas/ProblemDetails"
                                }
                            }
                        }
                    },
                    "403": {
                        "description": "Недостаточно прав",
                        "content": {
                            "application/json": {
                                "schema": {
                                    "$ref": "#/components/schemas/ProblemDetails"
                                }
                            }
                        }
                    },
                    "500": {
                        "description": "Внутреняя ошибка сервера"
                    }
                }
            }
        },
        "/games/{Id}": {
            "get": {
                "tags": [
                    "games"
                ],
                "summary": "Получить информацию и статистику об игре",
                "parameters": [
                    {
                        "name": "Id",
                        "in": "path",
                        "description": "ID игры",
                        "required": true,
                        "schema": {
                            "type": "integer",
                            "format": "int32"
                        }
                    }
                ],
                "responses": {
                    "200": {
                        "description": "Информация об играх",
                        "content": {
                            "application/json": {
                                "schema": {
                                    "$ref": "#/components/schemas/GameInfo"
                                }
                            }
                        }
                    },
                    "404": {
                        "description": "Игра не найдена",
                        "content": {
                            "application/json": {
                                "schema": {
                                    "$ref": "#/components/schemas/ProblemDetails"
                                }
                            }
                        }
                    },
                    "405": {
                        "description": "Невалидный Id"
                    },
                    "500": {
                        "description": "Внутреняя ошибка сервера"
                    }
                }
            },
            "delete": {
                "tags": [
                    "games"
                ],
                "summary": "Удалить игру",
                "parameters": [
                    {
                        "name": "Id",
                        "in": "path",
                        "description": "Id удаляемой игры",
                        "required": true,
                        "schema": {
                            "type": "integer",
                            "format": "int32"
                        }
                    }
                ],
                "responses": {
                    "200": {
                        "description": "Добавление успешно"
                    },
                    "400": {
                        "description": "Невалидные данные",
                        "content": {
                            "application/json": {
                                "schema": {
                                    "$ref": "#/components/schemas/ProblemDetails"
                                }
                            }
                        }
                    },
                    "401": {
                        "description": "Пользователь неавторизован",
                        "content": {
                            "application/json": {
                                "schema": {
                                    "$ref": "#/components/schemas/ProblemDetails"
                                }
                            }
                        }
                    },
                    "403": {
                        "description": "Недостаточно прав",
                        "content": {
                            "application/json": {
                                "schema": {
                                    "$ref": "#/components/schemas/ProblemDetails"
                                }
                            }
                        }
                    },
                    "404": {
                        "description": "Игра не найдена",
                        "content": {
                            "application/json": {
                                "schema": {
                                    "$ref": "#/components/schemas/ProblemDetails"
                                }
                            }
                        }
                    },
                    "405": {
                        "description": "Невалидный Id"
                    },
                    "500": {
                        "description": "Внутреняя ошибка сервера"
                    }
                }
            },
            "patch": {
                "tags": [
                    "games"
                ],
                "summary": "Изменить игру",
                "parameters": [
                    {
                        "name": "Id",
                        "in": "path",
                        "description": "Id изменяемой игры",
                        "required": true,
                        "schema": {
                            "type": "integer",
                            "format": "int32"
                        }
                    }
                ],
                "requestBody": {
                    "description": "Данные изменяемой игры",
                    "content": {
                        "application/json": {
                            "schema": {
                                "$ref": "#/components/schemas/Game"
                            }
                        },
                        "text/json": {
                            "schema": {
                                "$ref": "#/components/schemas/Game"
                            }
                        },
                        "application/*+json": {
                            "schema": {
                                "$ref": "#/components/schemas/Game"
                            }
                        }
                    }
                },
                "responses": {
                    "200": {
                        "description": "Изменение успешно"
                    },
                    "400": {
                        "description": "Невалидные данные",
                        "content": {
                            "application/json": {
                                "schema": {
                                    "$ref": "#/components/schemas/ProblemDetails"
                                }
                            }
                        }
                    },
                    "401": {
                        "description": "Пользователь неавторизован",
                        "content": {
                            "application/json": {
                                "schema": {
                                    "$ref": "#/components/schemas/ProblemDetails"
                                }
                            }
                        }
                    },
                    "403": {
                        "description": "Недостаточно прав",
                        "content": {
                            "application/json": {
                                "schema": {
                                    "$ref": "#/components/schemas/ProblemDetails"
                                }
                            }
                        }
                    },
                    "404": {
                        "description": "Игра не найдена",
                        "content": {
                            "application/json": {
                                "schema": {
                                    "$ref": "#/components/schemas/ProblemDetails"
                                }
                            }
                        }
                    },
                    "405": {
                        "description": "Невалидный Id"
                    },
                    "500": {
                        "description": "Внутреняя ошибка сервера"
                    }
                }
            }
        },
        "/games/{Id}/reviews": {
            "get": {
                "tags": [
                    "reviews"
                ],
                "summary": "Получить список отзывов об игре",
                "parameters": [
                    {
                        "name": "Id",
                        "in": "path",
                        "description": "ID игры",
                        "required": true,
                        "schema": {
                            "type": "integer",
                            "format": "int32"
                        }
                    },
                    {
                        "name": "limit",
                        "in": "query",
                        "description": "Число отзывов, которое нужно вернуть",
                        "schema": {
                            "type": "integer",
                            "format": "int32"
                        }
                    },
                    {
                        "name": "skip",
                        "in": "query",
                        "description": "Кол-во отзывов, которое нужно пропустить перед чтением",
                        "schema": {
                            "type": "integer",
                            "format": "int32"
                        }
                    }
                ],
                "responses": {
                    "200": {
                        "description": "Успешная операция",
                        "content": {
                            "text/plain": {
                                "schema": {
                                    "type": "array",
                                    "items": {
                                        "$ref": "#/components/schemas/Review"
                                    }
                                }
                            },
                            "application/json": {
                                "schema": {
                                    "type": "array",
                                    "items": {
                                        "$ref": "#/components/schemas/Review"
                                    }
                                }
                            },
                            "text/json": {
                                "schema": {
                                    "type": "array",
                                    "items": {
                                        "$ref": "#/components/schemas/Review"
                                    }
                                }
                            }
                        }
                    },
                    "400": {
                        "description": "Невалидные данные",
                        "content": {
                            "text/plain": {
                                "schema": {
                                    "$ref": "#/components/schemas/ProblemDetails"
                                }
                            },
                            "application/json": {
                                "schema": {
                                    "$ref": "#/components/schemas/ProblemDetails"
                                }
                            },
                            "text/json": {
                                "schema": {
                                    "$ref": "#/components/schemas/ProblemDetails"
                                }
                            }
                        }
                    },
                    "404": {
                        "description": "Игра не найдена",
                        "content": {
                            "text/plain": {
                                "schema": {
                                    "$ref": "#/components/schemas/ProblemDetails"
                                }
                            },
                            "application/json": {
                                "schema": {
                                    "$ref": "#/components/schemas/ProblemDetails"
                                }
                            },
                            "text/json": {
                                "schema": {
                                    "$ref": "#/components/schemas/ProblemDetails"
                                }
                            }
                        }
                    },
                    "500": {
                        "description": "Внутреняя ошибка сервера"
                    }
                }
            },
            "post": {
                "tags": [
                    "reviews"
                ],
                "summary": "Добавить отзыв об игре",
                "parameters": [
                    {
                        "name": "Id",
                        "in": "path",
                        "description": "ID игры",
                        "required": true,
                        "schema": {
                            "type": "integer",
                            "format": "int32"
                        }
                    }
                ],
                "requestBody": {
                    "description": "Добавляемый отзыв",
                    "content": {
                        "application/json": {
                            "schema": {
                                "$ref": "#/components/schemas/Review"
                            }
                        },
                        "text/json": {
                            "schema": {
                                "$ref": "#/components/schemas/Review"
                            }
                        },
                        "application/*+json": {
                            "schema": {
                                "$ref": "#/components/schemas/Review"
                            }
                        }
                    }
                },
                "responses": {
                    "201": {
                        "description": "Создание успешно"
                    },
                    "400": {
                        "description": "Невалидные данные",
                        "content": {
                            "text/plain": {
                                "schema": {
                                    "$ref": "#/components/schemas/ProblemDetails"
                                }
                            },
                            "application/json": {
                                "schema": {
                                    "$ref": "#/components/schemas/ProblemDetails"
                                }
                            },
                            "text/json": {
                                "schema": {
                                    "$ref": "#/components/schemas/ProblemDetails"
                                }
                            }
                        }
                    },
                    "401": {
                        "description": "Пользователь неавторизован",
                        "content": {
                            "text/plain": {
                                "schema": {
                                    "$ref": "#/components/schemas/ProblemDetails"
                                }
                            },
                            "application/json": {
                                "schema": {
                                    "$ref": "#/components/schemas/ProblemDetails"
                                }
                            },
                            "text/json": {
                                "schema": {
                                    "$ref": "#/components/schemas/ProblemDetails"
                                }
                            }
                        }
                    },
                    "404": {
                        "description": "Игра не найдена",
                        "content": {
                            "text/plain": {
                                "schema": {
                                    "$ref": "#/components/schemas/ProblemDetails"
                                }
                            },
                            "application/json": {
                                "schema": {
                                    "$ref": "#/components/schemas/ProblemDetails"
                                }
                            },
                            "text/json": {
                                "schema": {
                                    "$ref": "#/components/schemas/ProblemDetails"
                                }
                            }
                        }
                    },
                    "500": {
                        "description": "Внутреняя ошибка сервера"
                    }
                }
            }
        },
        "/games/{Id}/reviews/{username}": {
            "delete": {
                "tags": [
                    "reviews"
                ],
                "summary": "Удалить отзыв об игре",
                "parameters": [
                    {
                        "name": "Id",
                        "in": "path",
                        "description": "ID игры",
                        "required": true,
                        "schema": {
                            "type": "integer",
                            "format": "int32"
                        }
                    },
                    {
                        "name": "username",
                        "in": "path",
                        "description": "Имя пользователя",
                        "required": true,
                        "schema": {
                            "type": "string"
                        }
                    }
                ],
                "responses": {
                    "200": {
                        "description": "Удаление успешно"
                    },
                    "401": {
                        "description": "Пользователь неавторизован",
                        "content": {
                            "text/plain": {
                                "schema": {
                                    "$ref": "#/components/schemas/ProblemDetails"
                                }
                            },
                            "application/json": {
                                "schema": {
                                    "$ref": "#/components/schemas/ProblemDetails"
                                }
                            },
                            "text/json": {
                                "schema": {
                                    "$ref": "#/components/schemas/ProblemDetails"
                                }
                            }
                        }
                    },
                    "403": {
                        "description": "Недостаточно прав",
                        "content": {
                            "text/plain": {
                                "schema": {
                                    "$ref": "#/components/schemas/ProblemDetails"
                                }
                            },
                            "application/json": {
                                "schema": {
                                    "$ref": "#/components/schemas/ProblemDetails"
                                }
                            },
                            "text/json": {
                                "schema": {
                                    "$ref": "#/components/schemas/ProblemDetails"
                                }
                            }
                        }
                    },
                    "404": {
                        "description": "Отзыв не найден",
                        "content": {
                            "text/plain": {
                                "schema": {
                                    "$ref": "#/components/schemas/ProblemDetails"
                                }
                            },
                            "application/json": {
                                "schema": {
                                    "$ref": "#/components/schemas/ProblemDetails"
                                }
                            },
                            "text/json": {
                                "schema": {
                                    "$ref": "#/components/schemas/ProblemDetails"
                                }
                            }
                        }
                    },
                    "500": {
                        "description": "Внутреняя ошибка сервера"
                    }
                }
            }
        },
        "/games/{Id}/time_records": {
            "get": {
                "tags": [
                    "time_records"
                ],
                "summary": "Получить временные отметки игры",
                "parameters": [
                    {
                        "name": "Id",
                        "in": "path",
                        "description": "ID игры",
                        "required": true,
                        "schema": {
                            "type": "integer",
                            "format": "int32"
                        }
                    },
                    {
                        "name": "limit",
                        "in": "query",
                        "description": "Число временных отметок, которое нужно вернуть",
                        "schema": {
                            "type": "integer",
                            "format": "int32"
                        }
                    },
                    {
                        "name": "skip",
                        "in": "query",
                        "description": "Кол-во временных отметок, которое нужно пропустить перед чтением",
                        "schema": {
                            "type": "integer",
                            "format": "int32"
                        }
                    },
                    {
                        "name": "username",
                        "in": "query",
                        "description": "Имя пользователя",
                        "schema": {
                            "type": "string",
                            "default": ""
                        }
                    }
                ],
                "responses": {
                    "200": {
                        "description": "Успешная операция",
                        "content": {
                            "text/plain": {
                                "schema": {
                                    "type": "array",
                                    "items": {
                                        "$ref": "#/components/schemas/Time_record"
                                    }
                                }
                            },
                            "application/json": {
                                "schema": {
                                    "type": "array",
                                    "items": {
                                        "$ref": "#/components/schemas/Time_record"
                                    }
                                }
                            },
                            "text/json": {
                                "schema": {
                                    "type": "array",
                                    "items": {
                                        "$ref": "#/components/schemas/Time_record"
                                    }
                                }
                            }
                        }
                    },
                    "400": {
                        "description": "Невалидные данные",
                        "content": {
                            "text/plain": {
                                "schema": {
                                    "$ref": "#/components/schemas/ProblemDetails"
                                }
                            },
                            "application/json": {
                                "schema": {
                                    "$ref": "#/components/schemas/ProblemDetails"
                                }
                            },
                            "text/json": {
                                "schema": {
                                    "$ref": "#/components/schemas/ProblemDetails"
                                }
                            }
                        }
                    },
                    "404": {
                        "description": "Игра не найдена",
                        "content": {
                            "text/plain": {
                                "schema": {
                                    "$ref": "#/components/schemas/ProblemDetails"
                                }
                            },
                            "application/json": {
                                "schema": {
                                    "$ref": "#/components/schemas/ProblemDetails"
                                }
                            },
                            "text/json": {
                                "schema": {
                                    "$ref": "#/components/schemas/ProblemDetails"
                                }
                            }
                        }
                    },
                    "500": {
                        "description": "Внутреняя ошибка сервера"
                    }
                }
            },
            "post": {
                "tags": [
                    "time_records"
                ],
                "summary": "Добавить временную отметку игре",
                "parameters": [
                    {
                        "name": "Id",
                        "in": "path",
                        "description": "ID игры",
                        "required": true,
                        "schema": {
                            "type": "integer",
                            "format": "int32"
                        }
                    }
                ],
                "requestBody": {
                    "description": "Добавляемая временная отметка",
                    "content": {
                        "application/json": {
                            "schema": {
                                "$ref": "#/components/schemas/Time_record"
                            }
                        },
                        "text/json": {
                            "schema": {
                                "$ref": "#/components/schemas/Time_record"
                            }
                        },
                        "application/*+json": {
                            "schema": {
                                "$ref": "#/components/schemas/Time_record"
                            }
                        }
                    }
                },
                "responses": {
                    "201": {
                        "description": "Создание успешно"
                    },
                    "400": {
                        "description": "Невалидные данные",
                        "content": {
                            "text/plain": {
                                "schema": {
                                    "$ref": "#/components/schemas/ProblemDetails"
                                }
                            },
                            "application/json": {
                                "schema": {
                                    "$ref": "#/components/schemas/ProblemDetails"
                                }
                            },
                            "text/json": {
                                "schema": {
                                    "$ref": "#/components/schemas/ProblemDetails"
                                }
                            }
                        }
                    },
                    "401": {
                        "description": "Пользователь неавторизован",
                        "content": {
                            "text/plain": {
                                "schema": {
                                    "$ref": "#/components/schemas/ProblemDetails"
                                }
                            },
                            "application/json": {
                                "schema": {
                                    "$ref": "#/components/schemas/ProblemDetails"
                                }
                            },
                            "text/json": {
                                "schema": {
                                    "$ref": "#/components/schemas/ProblemDetails"
                                }
                            }
                        }
                    },
                    "404": {
                        "description": "Игра не найдена",
                        "content": {
                            "text/plain": {
                                "schema": {
                                    "$ref": "#/components/schemas/ProblemDetails"
                                }
                            },
                            "application/json": {
                                "schema": {
                                    "$ref": "#/components/schemas/ProblemDetails"
                                }
                            },
                            "text/json": {
                                "schema": {
                                    "$ref": "#/components/schemas/ProblemDetails"
                                }
                            }
                        }
                    },
                    "500": {
                        "description": "Внутреняя ошибка сервера"
                    }
                }
            }
        },
        "/games/{Id}/time_records/{time_record_id}": {
            "delete": {
                "tags": [
                    "time_records"
                ],
                "summary": "Удалить временную отметку игры",
                "parameters": [
                    {
                        "name": "Id",
                        "in": "path",
                        "description": "ID игры",
                        "required": true,
                        "schema": {
                            "type": "integer",
                            "format": "int32"
                        }
                    },
                    {
                        "name": "time_record_id",
                        "in": "path",
                        "description": "Id временной отметки",
                        "required": true,
                        "schema": {
                            "type": "integer",
                            "format": "int32"
                        }
                    }
                ],
                "responses": {
                    "200": {
                        "description": "Удаление успешно"
                    },
                    "400": {
                        "description": "Невалидные данные"
                    },
                    "401": {
                        "description": "Пользователь неавторизован",
                        "content": {
                            "text/plain": {
                                "schema": {
                                    "$ref": "#/components/schemas/ProblemDetails"
                                }
                            },
                            "application/json": {
                                "schema": {
                                    "$ref": "#/components/schemas/ProblemDetails"
                                }
                            },
                            "text/json": {
                                "schema": {
                                    "$ref": "#/components/schemas/ProblemDetails"
                                }
                            }
                        }
                    },
                    "403": {
                        "description": "Недостаточно прав",
                        "content": {
                            "text/plain": {
                                "schema": {
                                    "$ref": "#/components/schemas/ProblemDetails"
                                }
                            },
                            "application/json": {
                                "schema": {
                                    "$ref": "#/components/schemas/ProblemDetails"
                                }
                            },
                            "text/json": {
                                "schema": {
                                    "$ref": "#/components/schemas/ProblemDetails"
                                }
                            }
                        }
                    },
                    "404": {
                        "description": "Временная отметка не найдена",
                        "content": {
                            "text/plain": {
                                "schema": {
                                    "$ref": "#/components/schemas/ProblemDetails"
                                }
                            },
                            "application/json": {
                                "schema": {
                                    "$ref": "#/components/schemas/ProblemDetails"
                                }
                            },
                            "text/json": {
                                "schema": {
                                    "$ref": "#/components/schemas/ProblemDetails"
                                }
                            }
                        }
                    },
                    "405": {
                        "description": "Невалидный Id"
                    },
                    "500": {
                        "description": "Внутреняя ошибка сервера"
                    }
                }
            }
        },
        "/user/login": {
            "post": {
                "tags": [
                    "user"
                ],
                "summary": "Войти в аккаунт",
                "requestBody": {
                    "description": "User's email",
                    "content": {
                        "application/json": {
                            "schema": {
                                "$ref": "#/components/schemas/User"
                            }
                        },
                        "text/json": {
                            "schema": {
                                "$ref": "#/components/schemas/User"
                            }
                        },
                        "application/*+json": {
                            "schema": {
                                "$ref": "#/components/schemas/User"
                            }
                        }
                    }
                },
                "responses": {
                    "200": {
                        "description": "Уcпешная авторизация"
                    },
                    "400": {
                        "description": "Некорректный логин или пароль пароль",
                        "content": {
                            "text/plain": {
                                "schema": {
                                    "$ref": "#/components/schemas/ProblemDetails"
                                }
                            },
                            "application/json": {
                                "schema": {
                                    "$ref": "#/components/schemas/ProblemDetails"
                                }
                            },
                            "text/json": {
                                "schema": {
                                    "$ref": "#/components/schemas/ProblemDetails"
                                }
                            }
                        }
                    }
                }
            }
        },
        "/user": {
            "post": {
                "tags": [
                    "user"
                ],
                "summary": "Регистрация",
                "requestBody": {
                    "description": "Пользователь",
                    "content": {
                        "application/json": {
                            "schema": {
                                "$ref": "#/components/schemas/User"
                            }
                        },
                        "text/json": {
                            "schema": {
                                "$ref": "#/components/schemas/User"
                            }
                        },
                        "application/*+json": {
                            "schema": {
                                "$ref": "#/components/schemas/User"
                            }
                        }
                    }
                },
                "responses": {
                    "200": {
                        "description": "Регистрация успешна",
                        "content": {
                            "text/plain": {
                                "schema": {
                                    "$ref": "#/components/schemas/JsonResult"
                                }
                            },
                            "application/json": {
                                "schema": {
                                    "$ref": "#/components/schemas/JsonResult"
                                }
                            },
                            "text/json": {
                                "schema": {
                                    "$ref": "#/components/schemas/JsonResult"
                                }
                            }
                        }
                    },
                    "400": {
                        "description": "Пользователь существует",
                        "content": {
                            "text/plain": {
                                "schema": {
                                    "$ref": "#/components/schemas/ProblemDetails"
                                }
                            },
                            "application/json": {
                                "schema": {
                                    "$ref": "#/components/schemas/ProblemDetails"
                                }
                            },
                            "text/json": {
                                "schema": {
                                    "$ref": "#/components/schemas/ProblemDetails"
                                }
                            }
                        }
                    }
                }
            }
        },
        "/user/logout": {
            "get": {
                "tags": [
                    "user"
                ],
                "summary": "Выйти из аккаунта",
                "responses": {
                    "200": {
                        "description": "Выход успешен"
                    },
                    "401": {
                        "description": "Пользователь неавторизован",
                        "content": {
                            "text/plain": {
                                "schema": {
                                    "$ref": "#/components/schemas/ProblemDetails"
                                }
                            },
                            "application/json": {
                                "schema": {
                                    "$ref": "#/components/schemas/ProblemDetails"
                                }
                            },
                            "text/json": {
                                "schema": {
                                    "$ref": "#/components/schemas/ProblemDetails"
                                }
                            }
                        }
                    }
                }
            }
        }
    },
    "components": {
        "schemas": {
            "Game": {
                "type": "object",
                "properties": {
                    "title": {
                        "type": "string",
                        "nullable": true
                    },
                    "id": {
                        "type": "integer",
                        "format": "int32"
                    },
                    "releseDate": {
                        "type": "string",
                        "nullable": true
                    },
                    "developer": {
                        "type": "string",
                        "nullable": true
                    },
                    "publisher": {
                        "type": "string",
                        "nullable": true
                    }
                },
                "additionalProperties": false
            },
            "GameInfo": {
                "type": "object",
                "properties": {
                    "game": {
                        "$ref": "#/components/schemas/Game"
                    },
                    "avg_score": {
                        "type": "number",
                        "format": "double"
                    },
                    "most_reviews": {
                        "type": "array",
                        "items": {
                            "$ref": "#/components/schemas/Review"
                        },
                        "nullable": true
                    },
                    "time_stat": {
                        "type": "array",
                        "items": {
                            "type": "string"
                        },
                        "nullable": true
                    }
                },
                "additionalProperties": false
            },
            "JsonResult": {
                "type": "object",
                "properties": {
                    "contentType": {
                        "type": "string",
                        "nullable": true
                    },
                    "serializerSettings": {
                        "nullable": true
                    },
                    "statusCode": {
                        "type": "integer",
                        "format": "int32",
                        "nullable": true
                    },
                    "value": {
                        "nullable": true
                    }
                },
                "additionalProperties": false
            },
            "ProblemDetails": {
                "type": "object",
                "properties": {
                    "type": {
                        "type": "string",
                        "nullable": true
                    },
                    "title": {
                        "type": "string",
                        "nullable": true
                    },
                    "status": {
                        "type": "integer",
                        "format": "int32",
                        "nullable": true
                    },
                    "detail": {
                        "type": "string",
                        "nullable": true
                    },
                    "instance": {
                        "type": "string",
                        "nullable": true
                    }
                },
                "additionalProperties": {}
            },
            "Review": {
                "type": "object",
                "properties": {
                    "username": {
                        "type": "string",
                        "nullable": true
                    },
                    "score": {
                        "type": "integer",
                        "format": "int32"
                    },
                    "text": {
                        "type": "string",
                        "nullable": true
                    },
                    "publicationDate": {
                        "type": "string",
                        "nullable": true
                    }
                },
                "additionalProperties": false
            },
            "Time_record": {
                "type": "object",
                "properties": {
                    "username": {
                        "type": "string",
                        "nullable": true
                    },
                    "time": {
                        "type": "string",
                        "nullable": true
                    },
                    "time_record_type": {
                        "$ref": "#/components/schemas/Time_record_type"
                    }
                },
                "additionalProperties": false
            },
            "Time_record_type": {
                "enum": [
                    0,
                    1
                ],
                "type": "integer",
                "format": "int32"
            },
            "User": {
                "type": "object",
                "properties": {
                    "username": {
                        "type": "string",
                        "nullable": true
                    },
                    "password": {
                        "type": "string",
                        "nullable": true
                    }
                },
                "additionalProperties": false
            }
        },
        "securitySchemes": {
            "Bearer": {
                "type": "apiKey",
                "description": "JWT Authorization header using the Bearer scheme. \r\n\r\n Enter 'Bearer' [space] and then your token in the text input below.\r\n\r\nExample: \"Bearer 1safsfsdfdfd\"",
                "name": "Authorization",
                "in": "header"
            }
        }
    },
    "security": [
        {
            "Bearer": []
        }
    ]
}